idx,R,G,B,A,ver,hem,network,parcel,sub_idx,Ri,Ant,Sup,net_idx
172,0.470588235294118,0.0705882352941176,0.525490196078431,1,17networks,LH,VisualA,ExStr,1,-21,-79,45,1
173,0.470588235294118,0.0705882352941176,0.525490196078431,1,17networks,LH,VisualA,ExStr,2,-26,-70,31,1
174,0.470588235294118,0.0705882352941176,0.525490196078431,1,17networks,LH,VisualA,ExStr,3,-25,-85,21,1
175,0.470588235294118,0.0705882352941176,0.525490196078431,1,17networks,LH,VisualA,ExStr,4,-39,-84,14,1
176,0.470588235294118,0.0705882352941176,0.525490196078431,1,17networks,LH,VisualA,ExStr,5,-46,-73,6,1
177,0.470588235294118,0.0705882352941176,0.525490196078431,1,17networks,LH,VisualA,ExStr,6,-41,-87,-3,1
178,0.470588235294118,0.0705882352941176,0.525490196078431,1,17networks,LH,VisualA,ExStr,7,-45,-70,-8,1
179,0.470588235294118,0.0705882352941176,0.525490196078431,1,17networks,LH,VisualA,ExStr,8,-36,-81,-16,1
180,0.470588235294118,0.0705882352941176,0.525490196078431,1,17networks,LH,VisualA,ExStr,9,-23,-73,-10,1
181,0.470588235294118,0.0705882352941176,0.525490196078431,1,17networks,LH,VisualA,ExStr,10,-36,-62,-17,1
182,0.470588235294118,0.0705882352941176,0.525490196078431,1,17networks,LH,VisualA,ExStr,11,-33,-42,-21,1
183,0.470588235294118,0.0705882352941176,0.525490196078431,1,17networks,LH,VisualA,PrC,1,-40,-3,51,1
184,0.470588235294118,0.0705882352941176,0.525490196078431,1,17networks,LH,VisualA,SPL,1,-29,-61,62,1
369,0.470588235294118,0.0705882352941176,0.525490196078431,1,17networks,RH,VisualA,ExStr,1,29,-78,37,1
370,0.470588235294118,0.0705882352941176,0.525490196078431,1,17networks,RH,VisualA,ExStr,2,32,-66,35,1
371,0.470588235294118,0.0705882352941176,0.525490196078431,1,17networks,RH,VisualA,ExStr,3,27,-87,21,1
372,0.470588235294118,0.0705882352941176,0.525490196078431,1,17networks,RH,VisualA,ExStr,4,36,-79,24,1
373,0.470588235294118,0.0705882352941176,0.525490196078431,1,17networks,RH,VisualA,ExStr,5,35,-89,2,1
374,0.470588235294118,0.0705882352941176,0.525490196078431,1,17networks,RH,VisualA,ExStr,6,43,-79,10,1
375,0.470588235294118,0.0705882352941176,0.525490196078431,1,17networks,RH,VisualA,ExStr,7,48,-66,4,1
376,0.470588235294118,0.0705882352941176,0.525490196078431,1,17networks,RH,VisualA,ExStr,8,50,-64,-9,1
377,0.470588235294118,0.0705882352941176,0.525490196078431,1,17networks,RH,VisualA,ExStr,9,37,-73,-16,1
378,0.470588235294118,0.0705882352941176,0.525490196078431,1,17networks,RH,VisualA,ExStr,10,26,-52,-9,1
379,0.470588235294118,0.0705882352941176,0.525490196078431,1,17networks,RH,VisualA,ExStr,11,36,-53,-17,1
380,0.470588235294118,0.0705882352941176,0.525490196078431,1,17networks,RH,VisualA,ExStr,12,34,-37,-23,1
381,0.470588235294118,0.0705882352941176,0.525490196078431,1,17networks,RH,VisualA,PrC,1,39,-3,53,1
382,0.470588235294118,0.0705882352941176,0.525490196078431,1,17networks,RH,VisualA,SPL,1,34,-50,54,1
383,0.470588235294118,0.0705882352941176,0.525490196078431,1,17networks,RH,VisualA,SPL,2,27,-58,61,1
185,1,0,0,1,17networks,LH,VisualB,ExStrInf,1,-7,-76,-6,2
186,1,0,0,1,17networks,LH,VisualB,ExStrInf,2,-12,-62,-5,2
187,1,0,0,1,17networks,LH,VisualB,ExStrInf,3,-24,-55,-8,2
188,1,0,0,1,17networks,LH,VisualB,ExStrInf,4,-14,-57,1,2
189,1,0,0,1,17networks,LH,VisualB,ExStrSup,1,-11,-97,17,2
190,1,0,0,1,17networks,LH,VisualB,ExStrSup,2,-16,-89,33,2
191,1,0,0,1,17networks,LH,VisualB,ExStrSup,3,-3,-84,24,2
192,1,0,0,1,17networks,LH,VisualB,ExStrSup,4,-12,-81,36,2
193,1,0,0,1,17networks,LH,VisualB,ExStrSup,5,-12,-71,20,2
194,1,0,0,1,17networks,LH,VisualB,Striate,1,-5,-88,2,2
195,1,0,0,1,17networks,LH,VisualB,Striate,2,-7,-74,9,2
196,1,0,0,1,17networks,LH,VisualB,Striate,3,-19,-65,7,2
384,1,0,0,1,17networks,RH,VisualB,ExStrInf,1,23,-74,-11,2
385,1,0,0,1,17networks,RH,VisualB,ExStrInf,2,9,-72,-5,2
386,1,0,0,1,17networks,RH,VisualB,ExStrInf,3,13,-58,-3,2
387,1,0,0,1,17networks,RH,VisualB,ExStrInf,4,18,-45,-3,2
388,1,0,0,1,17networks,RH,VisualB,ExStrSup,1,13,-94,19,2
389,1,0,0,1,17networks,RH,VisualB,ExStrSup,2,16,-87,36,2
390,1,0,0,1,17networks,RH,VisualB,ExStrSup,3,5,-80,24,2
391,1,0,0,1,17networks,RH,VisualB,ExStrSup,4,14,-78,34,2
392,1,0,0,1,17networks,RH,VisualB,ExStrSup,5,16,-66,19,2
393,1,0,0,1,17networks,RH,VisualB,SPL,1,10,-43,53,2
394,1,0,0,1,17networks,RH,VisualB,Striate,1,8,-92,-2,2
395,1,0,0,1,17networks,RH,VisualB,Striate,2,9,-74,9,2
396,1,0,0,1,17networks,RH,VisualB,Striate,3,22,-59,6,2
197,0.47843137254902,0.529411764705882,0.196078431372549,1,17networks,LH,VisualC,ExStr,1,-24,-96,6,3
198,0.47843137254902,0.529411764705882,0.196078431372549,1,17networks,LH,VisualC,ExStr,2,-24,-97,-12,3
199,0.47843137254902,0.529411764705882,0.196078431372549,1,17networks,LH,VisualC,ExStr,3,-17,-86,-15,3
200,0.47843137254902,0.529411764705882,0.196078431372549,1,17networks,LH,VisualC,Striate,1,-7,-98,-7,3
397,0.47843137254902,0.529411764705882,0.196078431372549,1,17networks,RH,VisualC,ExStr,1,24,-99,7,3
398,0.47843137254902,0.529411764705882,0.196078431372549,1,17networks,RH,VisualC,ExStr,2,25,-97,-10,3
399,0.47843137254902,0.529411764705882,0.196078431372549,1,17networks,RH,VisualC,ExStr,3,20,-88,-13,3
400,0.47843137254902,0.529411764705882,0.196078431372549,1,17networks,RH,VisualC,ExStr,4,42,-84,-12,3
137,0.862745098039216,0.972549019607843,0.643137254901961,1,17networks,LH,Aud,Ins,1,-36,-24,10,4
138,0.862745098039216,0.972549019607843,0.643137254901961,1,17networks,LH,Aud,ParOcc,1,-48,-65,15,4
139,0.862745098039216,0.972549019607843,0.643137254901961,1,17networks,LH,Aud,ST,1,-41,-35,14,4
140,0.862745098039216,0.972549019607843,0.643137254901961,1,17networks,LH,Aud,ST,2,-59,-37,16,4
141,0.862745098039216,0.972549019607843,0.643137254901961,1,17networks,LH,Aud,ST,3,-56,-22,8,4
142,0.862745098039216,0.972549019607843,0.643137254901961,1,17networks,LH,Aud,ST,4,-50,-9,0,4
143,0.862745098039216,0.972549019607843,0.643137254901961,1,17networks,LH,Aud,ST,5,-59,-49,16,4
144,0.862745098039216,0.972549019607843,0.643137254901961,1,17networks,LH,Aud,ST,6,-62,-32,5,4
145,0.862745098039216,0.972549019607843,0.643137254901961,1,17networks,LH,Aud,ST,7,-61,-13,-3,4
146,0.862745098039216,0.972549019607843,0.643137254901961,1,17networks,LH,Aud,TempPole,1,-44,5,-17,4
336,0.862745098039216,0.972549019607843,0.643137254901961,1,17networks,RH,Aud,Ins,1,39,-19,5,4
337,0.862745098039216,0.972549019607843,0.643137254901961,1,17networks,RH,Aud,ParOcc,1,54,-56,12,4
338,0.862745098039216,0.972549019607843,0.643137254901961,1,17networks,RH,Aud,ParOper,1,41,-29,18,4
339,0.862745098039216,0.972549019607843,0.643137254901961,1,17networks,RH,Aud,ST,1,60,-24,11,4
340,0.862745098039216,0.972549019607843,0.643137254901961,1,17networks,RH,Aud,ST,2,53,-14,6,4
341,0.862745098039216,0.972549019607843,0.643137254901961,1,17networks,RH,Aud,ST,3,53,3,-6,4
342,0.862745098039216,0.972549019607843,0.643137254901961,1,17networks,RH,Aud,ST,4,65,-34,11,4
343,0.862745098039216,0.972549019607843,0.643137254901961,1,17networks,RH,Aud,ST,5,62,-19,0,4
344,0.862745098039216,0.972549019607843,0.643137254901961,1,17networks,RH,Aud,Temp,1,51,-41,13,4
147,0.274509803921569,0.509803921568627,0.705882352941177,1,17networks,LH,SomMotA,ParOper,1,-48,-24,18,5
148,0.274509803921569,0.509803921568627,0.705882352941177,1,17networks,LH,SomMotA,,1,-12,-27,73,5
149,0.274509803921569,0.509803921568627,0.705882352941177,1,17networks,LH,SomMotA,,2,-36,-19,65,5
150,0.274509803921569,0.509803921568627,0.705882352941177,1,17networks,LH,SomMotA,,3,-32,-29,63,5
151,0.274509803921569,0.509803921568627,0.705882352941177,1,17networks,LH,SomMotA,,4,-39,-25,53,5
152,0.274509803921569,0.509803921568627,0.705882352941177,1,17networks,LH,SomMotA,,5,-49,-17,54,5
153,0.274509803921569,0.509803921568627,0.705882352941177,1,17networks,LH,SomMotA,,6,-19,-40,72,5
154,0.274509803921569,0.509803921568627,0.705882352941177,1,17networks,LH,SomMotA,,7,-30,-38,65,5
155,0.274509803921569,0.509803921568627,0.705882352941177,1,17networks,LH,SomMotA,,8,-48,-29,58,5
156,0.274509803921569,0.509803921568627,0.705882352941177,1,17networks,LH,SomMotA,,9,-9,-42,70,5
157,0.274509803921569,0.509803921568627,0.705882352941177,1,17networks,LH,SomMotA,,10,-4,-25,69,5
158,0.274509803921569,0.509803921568627,0.705882352941177,1,17networks,LH,SomMotA,,11,-4,-25,56,5
159,0.274509803921569,0.509803921568627,0.705882352941177,1,17networks,LH,SomMotA,,12,-8,-15,47,5
345,0.274509803921569,0.509803921568627,0.705882352941177,1,17networks,RH,SomMotA,ParOper,1,49,-21,19,5
346,0.274509803921569,0.509803921568627,0.705882352941177,1,17networks,RH,SomMotA,,1,17,-18,73,5
347,0.274509803921569,0.509803921568627,0.705882352941177,1,17networks,RH,SomMotA,,2,37,-20,64,5
348,0.274509803921569,0.509803921568627,0.705882352941177,1,17networks,RH,SomMotA,,3,34,-27,61,5
349,0.274509803921569,0.509803921568627,0.705882352941177,1,17networks,RH,SomMotA,,4,43,-21,54,5
350,0.274509803921569,0.509803921568627,0.705882352941177,1,17networks,RH,SomMotA,,5,13,-33,76,5
351,0.274509803921569,0.509803921568627,0.705882352941177,1,17networks,RH,SomMotA,,6,22,-35,71,5
352,0.274509803921569,0.509803921568627,0.705882352941177,1,17networks,RH,SomMotA,,7,32,-34,63,5
353,0.274509803921569,0.509803921568627,0.705882352941177,1,17networks,RH,SomMotA,,8,49,-26,56,5
354,0.274509803921569,0.509803921568627,0.705882352941177,1,17networks,RH,SomMotA,,9,9,-40,68,5
355,0.274509803921569,0.509803921568627,0.705882352941177,1,17networks,RH,SomMotA,,10,5,-22,72,5
356,0.274509803921569,0.509803921568627,0.705882352941177,1,17networks,RH,SomMotA,,11,4,-25,58,5
357,0.274509803921569,0.509803921568627,0.705882352941177,1,17networks,RH,SomMotA,,12,7,-10,51,5
160,0.164705882352941,0.8,0.643137254901961,1,17networks,LH,SomMotB,Ins,1,-38,-9,13,6
161,0.164705882352941,0.8,0.643137254901961,1,17networks,LH,SomMotB,ParOper,1,-36,-26,19,6
162,0.164705882352941,0.8,0.643137254901961,1,17networks,LH,SomMotB,ParOper,2,-49,-13,14,6
163,0.164705882352941,0.8,0.643137254901961,1,17networks,LH,SomMotB,,1,-19,-24,67,6
164,0.164705882352941,0.8,0.643137254901961,1,17networks,LH,SomMotB,,2,-19,-31,69,6
165,0.164705882352941,0.8,0.643137254901961,1,17networks,LH,SomMotB,,3,-41,-14,47,6
166,0.164705882352941,0.8,0.643137254901961,1,17networks,LH,SomMotB,,4,-51,-7,43,6
167,0.164705882352941,0.8,0.643137254901961,1,17networks,LH,SomMotB,,5,-48,-16,40,6
168,0.164705882352941,0.8,0.643137254901961,1,17networks,LH,SomMotB,,6,-53,-9,30,6
169,0.164705882352941,0.8,0.643137254901961,1,17networks,LH,SomMotB,,7,-59,-2,23,6
170,0.164705882352941,0.8,0.643137254901961,1,17networks,LH,SomMotB,,8,-63,-10,31,6
171,0.164705882352941,0.8,0.643137254901961,1,17networks,LH,SomMotB,,9,-60,-2,11,6
358,0.164705882352941,0.8,0.643137254901961,1,17networks,RH,SomMotB,Ins,1,37,-8,14,6
359,0.164705882352941,0.8,0.643137254901961,1,17networks,RH,SomMotB,Ins,2,35,-21,14,6
360,0.164705882352941,0.8,0.643137254901961,1,17networks,RH,SomMotB,ParOper,1,41,-13,18,6
361,0.164705882352941,0.8,0.643137254901961,1,17networks,RH,SomMotB,ParOper,2,50,-10,13,6
362,0.164705882352941,0.8,0.643137254901961,1,17networks,RH,SomMotB,,1,21,-24,67,6
363,0.164705882352941,0.8,0.643137254901961,1,17networks,RH,SomMotB,,2,22,-29,68,6
364,0.164705882352941,0.8,0.643137254901961,1,17networks,RH,SomMotB,,3,44,-10,49,6
365,0.164705882352941,0.8,0.643137254901961,1,17networks,RH,SomMotB,,4,52,-13,49,6
366,0.164705882352941,0.8,0.643137254901961,1,17networks,RH,SomMotB,,5,52,-6,37,6
367,0.164705882352941,0.8,0.643137254901961,1,17networks,RH,SomMotB,,6,60,-5,27,6
368,0.164705882352941,0.8,0.643137254901961,1,17networks,RH,SomMotB,,7,62,-12,15,6
42,0.0470588235294118,0.188235294117647,1,1,17networks,LH,Language,IFG,1,-53,19,11,7
43,0.0470588235294118,0.188235294117647,1,1,17networks,LH,Language,IFG,2,-48,28,0,7
44,0.0470588235294118,0.188235294117647,1,1,17networks,LH,Language,IPL,1,-58,-44,27,7
45,0.0470588235294118,0.188235294117647,1,1,17networks,LH,Language,PFCd,1,-6,10,65,7
46,0.0470588235294118,0.188235294117647,1,1,17networks,LH,Language,PFCd,2,-22,51,31,7
47,0.0470588235294118,0.188235294117647,1,1,17networks,LH,Language,PFCl,1,-42,7,48,7
48,0.0470588235294118,0.188235294117647,1,1,17networks,LH,Language,Temp,1,-52,-43,5,7
49,0.0470588235294118,0.188235294117647,1,1,17networks,LH,Language,Temp,2,-52,-22,-6,7
50,0.0470588235294118,0.188235294117647,1,1,17networks,LH,Language,Temp,3,-53,6,-11,7
51,0.0470588235294118,0.188235294117647,1,1,17networks,LH,Language,TempPole,1,-37,-5,-42,7
237,0.0470588235294118,0.188235294117647,1,1,17networks,RH,Language,IFG,1,48,32,-8,7
238,0.0470588235294118,0.188235294117647,1,1,17networks,RH,Language,PFCd,1,12,20,63,7
239,0.0470588235294118,0.188235294117647,1,1,17networks,RH,Language,PFCl,1,43,7,51,7
240,0.0470588235294118,0.188235294117647,1,1,17networks,RH,Language,PFCl,2,48,18,23,7
241,0.0470588235294118,0.188235294117647,1,1,17networks,RH,Language,Temp,1,50,-33,2,7
242,0.0470588235294118,0.188235294117647,1,1,17networks,RH,Language,Temp,2,49,-20,-8,7
243,0.0470588235294118,0.188235294117647,1,1,17networks,RH,Language,TempPole,1,49,-7,-39,7
244,0.0470588235294118,0.188235294117647,1,1,17networks,RH,Language,TempPole,2,47,16,-20,7
85,0.768627450980392,0.227450980392157,0.980392156862745,1,17networks,LH,SalVenAttnA,FrMed,1,-5,9,48,8
86,0.768627450980392,0.227450980392157,0.980392156862745,1,17networks,LH,SalVenAttnA,FrMed,2,-7,0,41,8
87,0.768627450980392,0.227450980392157,0.980392156862745,1,17networks,LH,SalVenAttnA,FrOper,1,-50,1,5,8
88,0.768627450980392,0.227450980392157,0.980392156862745,1,17networks,LH,SalVenAttnA,IPL,1,-55,-32,22,8
89,0.768627450980392,0.227450980392157,0.980392156862745,1,17networks,LH,SalVenAttnA,Ins,1,-36,4,11,8
90,0.768627450980392,0.227450980392157,0.980392156862745,1,17networks,LH,SalVenAttnA,Ins,2,-39,2,-4,8
91,0.768627450980392,0.227450980392157,0.980392156862745,1,17networks,LH,SalVenAttnA,Ins,3,-40,-15,-2,8
92,0.768627450980392,0.227450980392157,0.980392156862745,1,17networks,LH,SalVenAttnA,PFCd,1,-8,-3,71,8
93,0.768627450980392,0.227450980392157,0.980392156862745,1,17networks,LH,SalVenAttnA,SPL,1,-11,-27,41,8
94,0.768627450980392,0.227450980392157,0.980392156862745,1,17networks,LH,SalVenAttnA,SPL,2,-9,-38,54,8
95,0.768627450980392,0.227450980392157,0.980392156862745,1,17networks,LH,SalVenAttnA,SPL,3,-6,-49,57,8
285,0.768627450980392,0.227450980392157,0.980392156862745,1,17networks,RH,SalVenAttnA,FrMed,1,7,-2,67,8
286,0.768627450980392,0.227450980392157,0.980392156862745,1,17networks,RH,SalVenAttnA,FrMed,2,6,11,58,8
287,0.768627450980392,0.227450980392157,0.980392156862745,1,17networks,RH,SalVenAttnA,FrMed,3,7,2,43,8
288,0.768627450980392,0.227450980392157,0.980392156862745,1,17networks,RH,SalVenAttnA,FrOper,1,59,1,10,8
289,0.768627450980392,0.227450980392157,0.980392156862745,1,17networks,RH,SalVenAttnA,FrOper,2,49,5,3,8
290,0.768627450980392,0.227450980392157,0.980392156862745,1,17networks,RH,SalVenAttnA,IPL,1,58,-31,24,8
291,0.768627450980392,0.227450980392157,0.980392156862745,1,17networks,RH,SalVenAttnA,IPL,2,60,-22,22,8
292,0.768627450980392,0.227450980392157,0.980392156862745,1,17networks,RH,SalVenAttnA,Ins,1,38,7,11,8
293,0.768627450980392,0.227450980392157,0.980392156862745,1,17networks,RH,SalVenAttnA,Ins,2,39,-2,6,8
294,0.768627450980392,0.227450980392157,0.980392156862745,1,17networks,RH,SalVenAttnA,Ins,3,40,5,-15,8
295,0.768627450980392,0.227450980392157,0.980392156862745,1,17networks,RH,SalVenAttnA,PFCmp,1,7,19,35,8
296,0.768627450980392,0.227450980392157,0.980392156862745,1,17networks,RH,SalVenAttnA,SPL,1,11,-17,41,8
297,0.768627450980392,0.227450980392157,0.980392156862745,1,17networks,RH,SalVenAttnA,SPL,2,11,-32,50,8
96,1,0.596078431372549,0.835294117647059,1,17networks,LH,SalVenAttnB,IFG,1,-52,9,13,9
97,1,0.596078431372549,0.835294117647059,1,17networks,LH,SalVenAttnB,IPL,1,-58,-42,45,9
98,1,0.596078431372549,0.835294117647059,1,17networks,LH,SalVenAttnB,IPL,2,-61,-36,33,9
99,1,0.596078431372549,0.835294117647059,1,17networks,LH,SalVenAttnB,Ins,1,-43,12,2,9
100,1,0.596078431372549,0.835294117647059,1,17networks,LH,SalVenAttnB,Ins,2,-33,19,8,9
101,1,0.596078431372549,0.835294117647059,1,17networks,LH,SalVenAttnB,OFC,1,-27,49,-14,9
102,1,0.596078431372549,0.835294117647059,1,17networks,LH,SalVenAttnB,OFC,2,-24,23,-20,9
103,1,0.596078431372549,0.835294117647059,1,17networks,LH,SalVenAttnB,PFCl,1,-36,32,38,9
104,1,0.596078431372549,0.835294117647059,1,17networks,LH,SalVenAttnB,PFCl,2,-29,43,30,9
105,1,0.596078431372549,0.835294117647059,1,17networks,LH,SalVenAttnB,PFCl,3,-42,38,22,9
106,1,0.596078431372549,0.835294117647059,1,17networks,LH,SalVenAttnB,PFCmp,1,-6,22,31,9
107,1,0.596078431372549,0.835294117647059,1,17networks,LH,SalVenAttnB,SPL,1,-13,-41,47,9
108,1,0.596078431372549,0.835294117647059,1,17networks,LH,SalVenAttnB,Temp,1,-57,-54,10,9
298,1,0.596078431372549,0.835294117647059,1,17networks,RH,SalVenAttnB,IFG,1,54,12,12,9
299,1,0.596078431372549,0.835294117647059,1,17networks,RH,SalVenAttnB,IPL,1,63,-26,38,9
300,1,0.596078431372549,0.835294117647059,1,17networks,RH,SalVenAttnB,IPL,2,62,-37,37,9
301,1,0.596078431372549,0.835294117647059,1,17networks,RH,SalVenAttnB,IPL,3,62,-40,22,9
302,1,0.596078431372549,0.835294117647059,1,17networks,RH,SalVenAttnB,Ins,1,37,23,5,9
303,1,0.596078431372549,0.835294117647059,1,17networks,RH,SalVenAttnB,Ins,2,41,8,-3,9
304,1,0.596078431372549,0.835294117647059,1,17networks,RH,SalVenAttnB,Ins,3,40,-10,-4,9
305,1,0.596078431372549,0.835294117647059,1,17networks,RH,SalVenAttnB,OFC,1,23,22,-21,9
306,1,0.596078431372549,0.835294117647059,1,17networks,RH,SalVenAttnB,PFCd,1,16,7,69,9
307,1,0.596078431372549,0.835294117647059,1,17networks,RH,SalVenAttnB,PFCl,1,51,3,41,9
308,1,0.596078431372549,0.835294117647059,1,17networks,RH,SalVenAttnB,PFCl,2,33,45,28,9
309,1,0.596078431372549,0.835294117647059,1,17networks,RH,SalVenAttnB,PFCl,3,49,40,5,9
310,1,0.596078431372549,0.835294117647059,1,17networks,RH,SalVenAttnB,SPL,1,12,-34,43,9
311,1,0.596078431372549,0.835294117647059,1,17networks,RH,SalVenAttnB,Temp,1,59,-46,7,9
312,1,0.596078431372549,0.835294117647059,1,17networks,RH,SalVenAttnB,Temp,2,50,-28,-26,9
52,0.901960784313726,0.580392156862745,0.133333333333333,1,17networks,LH,ContA,Cingm,1,-3,5,29,10
53,0.901960784313726,0.580392156862745,0.133333333333333,1,17networks,LH,ContA,IPS,1,-45,-41,47,10
54,0.901960784313726,0.580392156862745,0.133333333333333,1,17networks,LH,ContA,IPS,2,-42,-52,49,10
55,0.901960784313726,0.580392156862745,0.133333333333333,1,17networks,LH,ContA,IPS,3,-29,-74,42,10
56,0.901960784313726,0.580392156862745,0.133333333333333,1,17networks,LH,ContA,Ins,1,-33,25,-1,10
57,0.901960784313726,0.580392156862745,0.133333333333333,1,17networks,LH,ContA,OFC,1,-36,37,-13,10
58,0.901960784313726,0.580392156862745,0.133333333333333,1,17networks,LH,ContA,PFCd,1,-25,-1,55,10
59,0.901960784313726,0.580392156862745,0.133333333333333,1,17networks,LH,ContA,PFCl,1,-39,7,34,10
60,0.901960784313726,0.580392156862745,0.133333333333333,1,17networks,LH,ContA,PFCl,2,-45,20,27,10
61,0.901960784313726,0.580392156862745,0.133333333333333,1,17networks,LH,ContA,PFCl,3,-48,35,10,10
62,0.901960784313726,0.580392156862745,0.133333333333333,1,17networks,LH,ContA,PFCl,4,-38,49,11,10
63,0.901960784313726,0.580392156862745,0.133333333333333,1,17networks,LH,ContA,Temp,1,-60,-49,-10,10
245,0.901960784313726,0.580392156862745,0.133333333333333,1,17networks,RH,ContA,Cingm,1,5,1,30,10
246,0.901960784313726,0.580392156862745,0.133333333333333,1,17networks,RH,ContA,IPS,1,54,-33,51,10
247,0.901960784313726,0.580392156862745,0.133333333333333,1,17networks,RH,ContA,IPS,2,47,-44,46,10
248,0.901960784313726,0.580392156862745,0.133333333333333,1,17networks,RH,ContA,IPS,3,35,-71,47,10
249,0.901960784313726,0.580392156862745,0.133333333333333,1,17networks,RH,ContA,IPS,4,31,-64,53,10
250,0.901960784313726,0.580392156862745,0.133333333333333,1,17networks,RH,ContA,OFC,1,20,43,-18,10
251,0.901960784313726,0.580392156862745,0.133333333333333,1,17networks,RH,ContA,PFCd,1,24,10,58,10
252,0.901960784313726,0.580392156862745,0.133333333333333,1,17networks,RH,ContA,PFCl,1,39,11,34,10
253,0.901960784313726,0.580392156862745,0.133333333333333,1,17networks,RH,ContA,PFCl,2,47,29,28,10
254,0.901960784313726,0.580392156862745,0.133333333333333,1,17networks,RH,ContA,PFCl,3,50,30,18,10
255,0.901960784313726,0.580392156862745,0.133333333333333,1,17networks,RH,ContA,PFCmp,1,5,28,48,10
256,0.901960784313726,0.580392156862745,0.133333333333333,1,17networks,RH,ContA,SPL,1,8,-71,53,10
257,0.901960784313726,0.580392156862745,0.133333333333333,1,17networks,RH,ContA,Temp,1,63,-42,-11,10
64,0.529411764705882,0.196078431372549,0.290196078431373,1,17networks,LH,ContB,FPole,1,-28,58,-1,11
65,0.529411764705882,0.196078431372549,0.290196078431373,1,17networks,LH,ContB,IPL,1,-53,-50,45,11
66,0.529411764705882,0.196078431372549,0.290196078431373,1,17networks,LH,ContB,IPL,2,-49,-60,47,11
67,0.529411764705882,0.196078431372549,0.290196078431373,1,17networks,LH,ContB,IPS,1,-35,-62,48,11
68,0.529411764705882,0.196078431372549,0.290196078431373,1,17networks,LH,ContB,OFC,1,-42,49,-6,11
69,0.529411764705882,0.196078431372549,0.290196078431373,1,17networks,LH,ContB,OFC,2,-10,47,-21,11
70,0.529411764705882,0.196078431372549,0.290196078431373,1,17networks,LH,ContB,OFC,3,-12,25,-21,11
71,0.529411764705882,0.196078431372549,0.290196078431373,1,17networks,LH,ContB,PCC,1,-4,-34,38,11
72,0.529411764705882,0.196078431372549,0.290196078431373,1,17networks,LH,ContB,PFCd,1,-30,14,57,11
73,0.529411764705882,0.196078431372549,0.290196078431373,1,17networks,LH,ContB,PFCmp,1,-4,28,47,11
74,0.529411764705882,0.196078431372549,0.290196078431373,1,17networks,LH,ContB,Temp,1,-62,-18,-21,11
75,0.529411764705882,0.196078431372549,0.290196078431373,1,17networks,LH,ContB,Temp,2,-60,-36,-18,11
258,0.529411764705882,0.196078431372549,0.290196078431373,1,17networks,RH,ContB,FPole,1,27,59,3,11
259,0.529411764705882,0.196078431372549,0.290196078431373,1,17networks,RH,ContB,IFG,1,54,24,6,11
260,0.529411764705882,0.196078431372549,0.290196078431373,1,17networks,RH,ContB,IPL,1,54,-53,44,11
261,0.529411764705882,0.196078431372549,0.290196078431373,1,17networks,RH,ContB,IPL,2,47,-64,42,11
262,0.529411764705882,0.196078431372549,0.290196078431373,1,17networks,RH,ContB,IPS,1,41,-55,48,11
263,0.529411764705882,0.196078431372549,0.290196078431373,1,17networks,RH,ContB,OFC,1,42,51,-6,11
264,0.529411764705882,0.196078431372549,0.290196078431373,1,17networks,RH,ContB,OFC,2,35,38,-13,11
265,0.529411764705882,0.196078431372549,0.290196078431373,1,17networks,RH,ContB,OFC,3,8,47,-23,11
266,0.529411764705882,0.196078431372549,0.290196078431373,1,17networks,RH,ContB,PCC,1,7,-39,35,11
267,0.529411764705882,0.196078431372549,0.290196078431373,1,17networks,RH,ContB,PFCd,1,34,15,56,11
268,0.529411764705882,0.196078431372549,0.290196078431373,1,17networks,RH,ContB,PFCl,2,45,19,44,11
269,0.529411764705882,0.196078431372549,0.290196078431373,1,17networks,RH,ContB,PFCmp,1,5,44,40,11
270,0.529411764705882,0.196078431372549,0.290196078431373,1,17networks,RH,ContB,Temp,1,62,-28,-20,11
76,0.466666666666667,0.549019607843137,0.690196078431373,1,17networks,LH,ContC,Cingp,1,-6,-41,24,12
77,0.466666666666667,0.549019607843137,0.690196078431373,1,17networks,LH,ContC,Cingp,2,-4,-22,29,12
78,0.466666666666667,0.549019607843137,0.690196078431373,1,17networks,LH,ContC,FPole,1,-28,57,13,12
79,0.466666666666667,0.549019607843137,0.690196078431373,1,17networks,LH,ContC,Ins,1,-34,16,-8,12
80,0.466666666666667,0.549019607843137,0.690196078431373,1,17networks,LH,ContC,PFCm,1,-5,34,21,12
81,0.466666666666667,0.549019607843137,0.690196078431373,1,17networks,LH,ContC,PFCm,2,-6,45,6,12
82,0.466666666666667,0.549019607843137,0.690196078431373,1,17networks,LH,ContC,PHC,1,-13,-43,-5,12
83,0.466666666666667,0.549019607843137,0.690196078431373,1,17networks,LH,ContC,pCun,1,-9,-77,45,12
84,0.466666666666667,0.549019607843137,0.690196078431373,1,17networks,LH,ContC,pCun,2,-10,-70,32,12
271,0.466666666666667,0.549019607843137,0.690196078431373,1,17networks,RH,ContC,Cingp,1,6,-26,28,12
272,0.466666666666667,0.549019607843137,0.690196078431373,1,17networks,RH,ContC,Cingp,2,7,-44,20,12
273,0.466666666666667,0.549019607843137,0.690196078431373,1,17networks,RH,ContC,IPL,1,56,-41,48,12
274,0.466666666666667,0.549019607843137,0.690196078431373,1,17networks,RH,ContC,Ins,1,34,21,-8,12
275,0.466666666666667,0.549019607843137,0.690196078431373,1,17networks,RH,ContC,OFC,1,28,55,-14,12
276,0.466666666666667,0.549019607843137,0.690196078431373,1,17networks,RH,ContC,OFC,2,13,24,-21,12
277,0.466666666666667,0.549019607843137,0.690196078431373,1,17networks,RH,ContC,PCC,1,4,-20,37,12
278,0.466666666666667,0.549019607843137,0.690196078431373,1,17networks,RH,ContC,PFCl,1,39,33,38,12
279,0.466666666666667,0.549019607843137,0.690196078431373,1,17networks,RH,ContC,PFCl,2,42,46,14,12
280,0.466666666666667,0.549019607843137,0.690196078431373,1,17networks,RH,ContC,PFCl,3,25,54,25,12
281,0.466666666666667,0.549019607843137,0.690196078431373,1,17networks,RH,ContC,PFCm,1,8,35,25,12
282,0.466666666666667,0.549019607843137,0.690196078431373,1,17networks,RH,ContC,PFCm,2,7,42,4,12
283,0.466666666666667,0.549019607843137,0.690196078431373,1,17networks,RH,ContC,PFCm,3,6,25,18,12
284,0.466666666666667,0.549019607843137,0.690196078431373,1,17networks,RH,ContC,pCun,1,13,-71,39,12
1,1,1,0,1,17networks,LH,DefaultA,FPole,1,-16,67,8,13
2,1,1,0,1,17networks,LH,DefaultA,IPL,1,-41,-72,43,13
3,1,1,0,1,17networks,LH,DefaultA,IPL,2,-47,-64,31,13
4,1,1,0,1,17networks,LH,DefaultA,PCC,1,-4,-53,20,13
5,1,1,0,1,17networks,LH,DefaultA,PFCd,1,-18,36,48,13
6,1,1,0,1,17networks,LH,DefaultA,PFCm,1,-6,59,7,13
7,1,1,0,1,17networks,LH,DefaultA,PFCm,2,-5,55,-10,13
8,1,1,0,1,17networks,LH,DefaultA,PFCm,3,-6,35,-9,13
9,1,1,0,1,17networks,LH,DefaultA,PFCm,4,-4,23,-19,13
10,1,1,0,1,17networks,LH,DefaultA,PHC,1,-21,-21,-26,13
11,1,1,0,1,17networks,LH,DefaultA,Temp,1,-57,-9,-14,13
12,1,1,0,1,17networks,LH,DefaultA,Temp,2,-40,-21,-27,13
13,1,1,0,1,17networks,LH,DefaultA,TempPole,1,-32,12,-29,13
14,1,1,0,1,17networks,LH,DefaultA,pCun,1,-5,-60,30,13
201,1,1,0,1,17networks,RH,DefaultA,IPL,1,53,-53,26,13
202,1,1,0,1,17networks,RH,DefaultA,PCC,1,6,-52,23,13
203,1,1,0,1,17networks,RH,DefaultA,PFCd,1,24,26,51,13
204,1,1,0,1,17networks,RH,DefaultA,PFCm,1,9,67,1,13
205,1,1,0,1,17networks,RH,DefaultA,PFCm,2,7,54,13,13
206,1,1,0,1,17networks,RH,DefaultA,PFCm,3,5,41,-11,13
207,1,1,0,1,17networks,RH,DefaultA,PFCm,4,5,22,-21,13
208,1,1,0,1,17networks,RH,DefaultA,PHC,1,23,-18,-27,13
209,1,1,0,1,17networks,RH,DefaultA,Temp,1,61,-8,-23,13
210,1,1,0,1,17networks,RH,DefaultA,Temp,2,55,-4,-14,13
211,1,1,0,1,17networks,RH,DefaultA,Temp,3,39,-15,-31,13
212,1,1,0,1,17networks,RH,DefaultA,TempPole,1,37,17,-38,13
213,1,1,0,1,17networks,RH,DefaultA,TempPole,2,29,12,-30,13
214,1,1,0,1,17networks,RH,DefaultA,pCun,1,5,-63,31,13
15,0.803921568627451,0.243137254901961,0.305882352941176,1,17networks,LH,DefaultB,FPole,1,-15,65,-8,14
16,0.803921568627451,0.243137254901961,0.305882352941176,1,17networks,LH,DefaultB,IPL,1,-57,-55,30,14
17,0.803921568627451,0.243137254901961,0.305882352941176,1,17networks,LH,DefaultB,IPL,2,-45,-58,21,14
18,0.803921568627451,0.243137254901961,0.305882352941176,1,17networks,LH,DefaultB,PCC,1,-3,-15,37,14
19,0.803921568627451,0.243137254901961,0.305882352941176,1,17networks,LH,DefaultB,PCC,2,-7,-44,32,14
20,0.803921568627451,0.243137254901961,0.305882352941176,1,17networks,LH,DefaultB,PFCd,1,-13,24,61,14
21,0.803921568627451,0.243137254901961,0.305882352941176,1,17networks,LH,DefaultB,PFCd,2,-8,43,51,14
22,0.803921568627451,0.243137254901961,0.305882352941176,1,17networks,LH,DefaultB,PFCd,3,-14,58,31,14
23,0.803921568627451,0.243137254901961,0.305882352941176,1,17networks,LH,DefaultB,PFCd,4,-4,51,28,14
24,0.803921568627451,0.243137254901961,0.305882352941176,1,17networks,LH,DefaultB,PFCl,1,-41,19,48,14
25,0.803921568627451,0.243137254901961,0.305882352941176,1,17networks,LH,DefaultB,PFCv,1,-46,32,-10,14
26,0.803921568627451,0.243137254901961,0.305882352941176,1,17networks,LH,DefaultB,PFCv,2,-36,22,-16,14
27,0.803921568627451,0.243137254901961,0.305882352941176,1,17networks,LH,DefaultB,Temp,1,-61,-35,-3,14
28,0.803921568627451,0.243137254901961,0.305882352941176,1,17networks,LH,DefaultB,Temp,2,-54,-21,-31,14
29,0.803921568627451,0.243137254901961,0.305882352941176,1,17networks,LH,DefaultB,TempPole,1,-54,-2,-30,14
30,0.803921568627451,0.243137254901961,0.305882352941176,1,17networks,LH,DefaultB,TempPole,2,-44,13,-34,14
215,0.803921568627451,0.243137254901961,0.305882352941176,1,17networks,RH,DefaultB,FPole,1,9,63,-14,14
216,0.803921568627451,0.243137254901961,0.305882352941176,1,17networks,RH,DefaultB,IPL,1,55,-45,33,14
217,0.803921568627451,0.243137254901961,0.305882352941176,1,17networks,RH,DefaultB,PFCd,1,14,39,52,14
218,0.803921568627451,0.243137254901961,0.305882352941176,1,17networks,RH,DefaultB,PFCd,2,16,52,36,14
219,0.803921568627451,0.243137254901961,0.305882352941176,1,17networks,RH,DefaultB,PFCd,3,17,65,16,14
220,0.803921568627451,0.243137254901961,0.305882352941176,1,17networks,RH,DefaultB,PFCd,4,6,58,29,14
221,0.803921568627451,0.243137254901961,0.305882352941176,1,17networks,RH,DefaultB,PFCv,1,35,23,-18,14
222,0.803921568627451,0.243137254901961,0.305882352941176,1,17networks,RH,DefaultB,Temp,1,63,-38,0,14
223,0.803921568627451,0.243137254901961,0.305882352941176,1,17networks,RH,DefaultB,Temp,2,63,-23,-7,14
224,0.803921568627451,0.243137254901961,0.305882352941176,1,17networks,RH,DefaultB,TempPole,1,49,9,-33,14
225,0.803921568627451,0.243137254901961,0.305882352941176,1,17networks,RH,DefaultB,pCun,1,10,-53,35,14
31,0,0,0.509803921568627,1,17networks,LH,DefaultC,IPL,1,-40,-79,30,15
32,0,0,0.509803921568627,1,17networks,LH,DefaultC,PFCd,1,-22,20,52,15
33,0,0,0.509803921568627,1,17networks,LH,DefaultC,PFCd,2,-25,28,43,15
34,0,0,0.509803921568627,1,17networks,LH,DefaultC,PHC,1,-18,-37,-12,15
35,0,0,0.509803921568627,1,17networks,LH,DefaultC,PHC,2,-30,-33,-18,15
36,0,0,0.509803921568627,1,17networks,LH,DefaultC,RSC,1,-13,-61,19,15
37,0,0,0.509803921568627,1,17networks,LH,DefaultC,RSC,2,-8,-52,9,15
38,0,0,0.509803921568627,1,17networks,LH,DefaultC,RSC,3,-13,-49,4,15
39,0,0,0.509803921568627,1,17networks,LH,DefaultC,pCun,1,-5,-64,52,15
40,0,0,0.509803921568627,1,17networks,LH,DefaultC,pCun,2,-3,-68,41,15
41,0,0,0.509803921568627,1,17networks,LH,DefaultC,pCun,3,-7,-51,43,15
226,0,0,0.509803921568627,1,17networks,RH,DefaultC,IPL,1,45,-75,31,15
227,0,0,0.509803921568627,1,17networks,RH,DefaultC,IPL,2,48,-64,22,15
228,0,0,0.509803921568627,1,17networks,RH,DefaultC,IPL,3,55,-46,19,15
229,0,0,0.509803921568627,1,17networks,RH,DefaultC,PFCd,1,26,34,39,15
230,0,0,0.509803921568627,1,17networks,RH,DefaultC,PHC,1,18,-36,-12,15
231,0,0,0.509803921568627,1,17networks,RH,DefaultC,PHC,2,31,-31,-18,15
232,0,0,0.509803921568627,1,17networks,RH,DefaultC,RSC,1,17,-63,28,15
233,0,0,0.509803921568627,1,17networks,RH,DefaultC,RSC,2,12,-55,15,15
234,0,0,0.509803921568627,1,17networks,RH,DefaultC,RSC,3,14,-46,4,15
235,0,0,0.509803921568627,1,17networks,RH,DefaultC,pCun,1,7,-50,45,15
236,0,0,0.509803921568627,1,17networks,RH,DefaultC,pCun,2,5,-64,44,15
109,0.290196078431373,0.607843137254902,0.235294117647059,1,17networks,LH,DorsAttnA,IPL,1,-61,-23,33,16
110,0.290196078431373,0.607843137254902,0.235294117647059,1,17networks,LH,DorsAttnA,IPL,2,-55,-32,45,16
111,0.290196078431373,0.607843137254902,0.235294117647059,1,17networks,LH,DorsAttnA,IPS,1,-33,-46,41,16
112,0.290196078431373,0.607843137254902,0.235294117647059,1,17networks,LH,DorsAttnA,IPS,2,-29,-58,50,16
113,0.290196078431373,0.607843137254902,0.235294117647059,1,17networks,LH,DorsAttnA,IPS,3,-23,-65,46,16
114,0.290196078431373,0.607843137254902,0.235294117647059,1,17networks,LH,DorsAttnA,IPS,4,-32,-84,27,16
115,0.290196078431373,0.607843137254902,0.235294117647059,1,17networks,LH,DorsAttnA,PFCd,1,-21,5,65,16
116,0.290196078431373,0.607843137254902,0.235294117647059,1,17networks,LH,DorsAttnA,PrCd,1,-30,-8,52,16
117,0.290196078431373,0.607843137254902,0.235294117647059,1,17networks,LH,DorsAttnA,PrCv,1,-49,6,26,16
118,0.290196078431373,0.607843137254902,0.235294117647059,1,17networks,LH,DorsAttnA,SPL,1,-7,-59,63,16
119,0.290196078431373,0.607843137254902,0.235294117647059,1,17networks,LH,DorsAttnA,SPL,2,-15,-71,57,16
120,0.290196078431373,0.607843137254902,0.235294117647059,1,17networks,LH,DorsAttnA,TempOcc,1,-55,-62,-1,16
121,0.290196078431373,0.607843137254902,0.235294117647059,1,17networks,LH,DorsAttnA,TempOcc,2,-49,-56,-15,16
122,0.290196078431373,0.607843137254902,0.235294117647059,1,17networks,LH,DorsAttnA,TempOcc,3,-45,-42,-21,16
123,0.290196078431373,0.607843137254902,0.235294117647059,1,17networks,LH,DorsAttnA,TempPole,1,-25,6,-39,16
124,0.290196078431373,0.607843137254902,0.235294117647059,1,17networks,LH,DorsAttnA,TempPole,2,-26,-9,-33,16
313,0.290196078431373,0.607843137254902,0.235294117647059,1,17networks,RH,DorsAttnA,IPS,1,44,-37,50,16
314,0.290196078431373,0.607843137254902,0.235294117647059,1,17networks,RH,DorsAttnA,IPS,2,36,-44,45,16
315,0.290196078431373,0.607843137254902,0.235294117647059,1,17networks,RH,DorsAttnA,PrCd,1,27,-3,52,16
316,0.290196078431373,0.607843137254902,0.235294117647059,1,17networks,RH,DorsAttnA,PrCv,1,49,8,25,16
317,0.290196078431373,0.607843137254902,0.235294117647059,1,17networks,RH,DorsAttnA,SPL,1,7,-54,59,16
318,0.290196078431373,0.607843137254902,0.235294117647059,1,17networks,RH,DorsAttnA,SPL,2,14,-64,65,16
319,0.290196078431373,0.607843137254902,0.235294117647059,1,17networks,RH,DorsAttnA,SPL,3,21,-69,53,16
320,0.290196078431373,0.607843137254902,0.235294117647059,1,17networks,RH,DorsAttnA,SPL,4,19,-79,50,16
321,0.290196078431373,0.607843137254902,0.235294117647059,1,17networks,RH,DorsAttnA,TempOcc,1,59,-55,-2,16
322,0.290196078431373,0.607843137254902,0.235294117647059,1,17networks,RH,DorsAttnA,TempOcc,2,50,-49,-18,16
323,0.290196078431373,0.607843137254902,0.235294117647059,1,17networks,RH,DorsAttnA,TempPole,1,28,-1,-40,16
125,0,0.462745098039216,0.0549019607843137,1,17networks,LH,DorsAttnB,FrMed,1,-4,-9,59,17
126,0,0.462745098039216,0.0549019607843137,1,17networks,LH,DorsAttnB,ParOper,1,-61,-18,19,17
127,0,0.462745098039216,0.0549019607843137,1,17networks,LH,DorsAttnB,PostC,1,-55,-20,41,17
128,0,0.462745098039216,0.0549019607843137,1,17networks,LH,DorsAttnB,PostC,2,-46,-29,44,17
129,0,0.462745098039216,0.0549019607843137,1,17networks,LH,DorsAttnB,PostC,3,-39,-37,49,17
130,0,0.462745098039216,0.0549019607843137,1,17networks,LH,DorsAttnB,PrCd,1,-14,-11,73,17
131,0,0.462745098039216,0.0549019607843137,1,17networks,LH,DorsAttnB,PrCd,2,-23,-11,65,17
132,0,0.462745098039216,0.0549019607843137,1,17networks,LH,DorsAttnB,PrCv,1,-50,3,38,17
133,0,0.462745098039216,0.0549019607843137,1,17networks,LH,DorsAttnB,SPL,1,-36,-52,56,17
134,0,0.462745098039216,0.0549019607843137,1,17networks,LH,DorsAttnB,SPL,2,-30,-46,63,17
135,0,0.462745098039216,0.0549019607843137,1,17networks,LH,DorsAttnB,SPL,3,-20,-57,66,17
136,0,0.462745098039216,0.0549019607843137,1,17networks,LH,DorsAttnB,SPL,4,-13,-50,72,17
324,0,0.462745098039216,0.0549019607843137,1,17networks,RH,DorsAttnB,IPL,1,61,-14,30,17
325,0,0.462745098039216,0.0549019607843137,1,17networks,RH,DorsAttnB,IPL,2,57,-23,44,17
326,0,0.462745098039216,0.0549019607843137,1,17networks,RH,DorsAttnB,PostC,1,54,-17,40,17
327,0,0.462745098039216,0.0549019607843137,1,17networks,RH,DorsAttnB,PostC,2,45,-28,42,17
328,0,0.462745098039216,0.0549019607843137,1,17networks,RH,DorsAttnB,PostC,3,35,-36,51,17
329,0,0.462745098039216,0.0549019607843137,1,17networks,RH,DorsAttnB,PrCd,1,29,-11,65,17
330,0,0.462745098039216,0.0549019607843137,1,17networks,RH,DorsAttnB,PrCd,2,25,-3,64,17
331,0,0.462745098039216,0.0549019607843137,1,17networks,RH,DorsAttnB,PrCd,3,17,-6,69,17
332,0,0.462745098039216,0.0549019607843137,1,17networks,RH,DorsAttnB,PrCv,1,61,6,30,17
333,0,0.462745098039216,0.0549019607843137,1,17networks,RH,DorsAttnB,SPL,1,31,-41,64,17
334,0,0.462745098039216,0.0549019607843137,1,17networks,RH,DorsAttnB,SPL,2,24,-50,68,17
335,0,0.462745098039216,0.0549019607843137,1,17networks,RH,DorsAttnB,SPL,3,16,-47,74,17
